stats,p_session,p_condition
density,0.584720180279993,0.0205805057433147
avg_clst,0.46054511975505,0.27352978146741
avg_deg,0.593147491356148,0.0116391601768759
r2,0.535706618201478,0.391911753677275
