degDist_subs,degDist_max_then_min,degDist_thresholds
3313349,0.943477048629423,92.5
3808535,0.0662292204805959,97.5
